<?xml version="1.0" encoding="utf-8" ?>
<dwsync>
<file name="a.jpg" server="C:/xampp/htdocs/busKaro/" local="131362365700937757" remote="131362365700000000" Dst="0" />
<file name="b.jpg" server="C:/xampp/htdocs/busKaro/" local="131362365701097841" remote="131362365700000000" Dst="0" />
<file name="buses-gallery04.jpg" server="C:/xampp/htdocs/busKaro/" local="131358372314082293" remote="131358372310000000" Dst="0" />
<file name="images (7).jpg" server="C:/xampp/htdocs/busKaro/" local="131362365701318010" remote="131362365700000000" Dst="0" />
<file name="images (8).jpg" server="C:/xampp/htdocs/busKaro/" local="131362365701468108" remote="131362365700000000" Dst="0" />
<file name="p.jpg" server="C:/xampp/htdocs/busKaro/" local="131362365701678272" remote="131362365700000000" Dst="0" />
<file name="q.jpg" server="C:/xampp/htdocs/busKaro/" local="131362365701808350" remote="131362365700000000" Dst="0" />
<file name="r.jpg" server="C:/xampp/htdocs/busKaro/" local="131362365701998495" remote="131362365700000000" Dst="0" />
<file name="t.jpg" server="C:/xampp/htdocs/busKaro/" local="131362365702128578" remote="131362365700000000" Dst="0" />
</dwsync>