<?xml version="1.0" encoding="utf-8" ?>
<dwsync>
<file name="about.php" server="C:/xampp/htdocs/busKaro/" local="131357628826630583" remote="131357628820000000" Dst="0" />
<file name="banner.php" server="C:/xampp/htdocs/busKaro/" local="131362379672263498" remote="131362379670000000" Dst="0" />
<file name="footer.php" server="C:/xampp/htdocs/busKaro/" local="131362406003289357" remote="131362406000000000" Dst="0" />
<file name="header.php" server="C:/xampp/htdocs/busKaro/" local="131357628826790667" remote="131357628820000000" Dst="0" />
<file name="headertype2.php" server="C:/xampp/htdocs/busKaro/" local="131358432612787115" remote="131358432610000000" Dst="0" />
<file name="headertype3.php" server="C:/xampp/htdocs/busKaro/" local="131357802862417954" remote="131357802860000000" Dst="0" />
<file name="headertype4.php" server="C:/xampp/htdocs/busKaro/" local="131358335121402077" remote="131358335120000000" Dst="0" />
<file name="headertype5.php" server="C:/xampp/htdocs/busKaro/" local="131360412150714997" remote="131360412150000000" Dst="0" />
<file name="headertype6.php" server="C:/xampp/htdocs/busKaro/" local="131360413262369420" remote="131360413260000000" Dst="0" />
<file name="signout.php" server="C:/xampp/htdocs/busKaro/" local="131357628826920780" remote="131357628820000000" Dst="0" />
<file name="subfooter.php" server="C:/xampp/htdocs/busKaro/" local="131357862711162419" remote="131357862710000000" Dst="0" />
</dwsync>