<?xml version="1.0" encoding="utf-8" ?>
<dwsync>
<file name="mixins.css" server="C:/xampp/htdocs/busKaro/" local="131362889496575047" remote="131362889490000000" Dst="0" />
<file name="variables.css" server="C:/xampp/htdocs/busKaro/" local="131362889496575047" remote="131362889490000000" Dst="0" />
<file name="bordered-pulled.less" server="C:/xampp/htdocs/busKaro/" local="131357628797637356" remote="131357628790000000" Dst="0" />
<file name="core.less" server="C:/xampp/htdocs/busKaro/" local="131357628797657521" remote="131357628790000000" Dst="0" />
<file name="fixed-width.less" server="C:/xampp/htdocs/busKaro/" local="131357628797667525" remote="131357628790000000" Dst="0" />
<file name="font-awesome.css" server="C:/xampp/htdocs/busKaro/" local="131362889497981316" remote="131362889490000000" Dst="0" />
<file name="font-awesome.less" server="C:/xampp/htdocs/busKaro/" local="131357628797674752" remote="131357628790000000" Dst="0" />
<file name="icons.less" server="C:/xampp/htdocs/busKaro/" local="131357628797744835" remote="131357628790000000" Dst="0" />
<file name="larger.less" server="C:/xampp/htdocs/busKaro/" local="131357628797754875" remote="131357628790000000" Dst="0" />
<file name="list.less" server="C:/xampp/htdocs/busKaro/" local="131357628797764849" remote="131357628790000000" Dst="0" />
<file name="mixins.less" server="C:/xampp/htdocs/busKaro/" local="131357628797774853" remote="131357628790000000" Dst="0" />
<file name="path.less" server="C:/xampp/htdocs/busKaro/" local="131357628797794892" remote="131357628790000000" Dst="0" />
<file name="rotated-flipped.less" server="C:/xampp/htdocs/busKaro/" local="131357628797805053" remote="131357628790000000" Dst="0" />
<file name="spinning.less" server="C:/xampp/htdocs/busKaro/" local="131357628797815057" remote="131357628790000000" Dst="0" />
<file name="stacked.less" server="C:/xampp/htdocs/busKaro/" local="131357628797824892" remote="131357628790000000" Dst="0" />
<file name="variables.less" server="C:/xampp/htdocs/busKaro/" local="131357628797914953" remote="131357628790000000" Dst="0" />
</dwsync>