<?xml version="1.0" encoding="utf-8" ?>
<dwsync>
<file name="2123625322949582625" server="C:/xampp/htdocs/busKaro/" local="131357628800961390" remote="131357628800000000" Dst="0" />
<file name="abg.js.download" server="C:/xampp/htdocs/busKaro/" local="131357628801878512" remote="131357628800000000" Dst="0" />
<file name="ads(1).html" server="C:/xampp/htdocs/busKaro/" local="131357628807641286" remote="131357628800000000" Dst="0" />
<file name="ads(2).html" server="C:/xampp/htdocs/busKaro/" local="131357628811264893" remote="131357628810000000" Dst="0" />
<file name="ads.html" server="C:/xampp/htdocs/busKaro/" local="131357628815899089" remote="131357628810000000" Dst="0" />
<file name="adsbygoogle.js.download" server="C:/xampp/htdocs/busKaro/" local="131357628816309547" remote="131357628810000000" Dst="0" />
<file name="anthemes-shortcodes.css" server="C:/xampp/htdocs/busKaro/" local="131357628816319526" remote="131357628810000000" Dst="0" />
<file name="btn_donate_LG.gif" server="C:/xampp/htdocs/busKaro/" local="131357628816339535" remote="131357628810000000" Dst="0" />
<file name="ca-pub-4133195756789933.js.download" server="C:/xampp/htdocs/busKaro/" local="131357628816359549" remote="131357628810000000" Dst="0" />
<file name="comment-reply.min.js.download" server="C:/xampp/htdocs/busKaro/" local="131357628816369559" remote="131357628810000000" Dst="0" />
<file name="css" server="C:/xampp/htdocs/busKaro/" local="131357628816389585" remote="131357628810000000" Dst="0" />
<file name="css(1)" server="C:/xampp/htdocs/busKaro/" local="131357628816409624" remote="131357628810000000" Dst="0" />
<file name="custom.js.download" server="C:/xampp/htdocs/busKaro/" local="131357628816429632" remote="131357628810000000" Dst="0" />
<file name="db7KNPtkE4zG9BtR4cnMZHttZikK_5y0_126agzRcbU.js.download" server="C:/xampp/htdocs/busKaro/" local="131357628817520627" remote="131357628810000000" Dst="0" />
<file name="default.css" server="C:/xampp/htdocs/busKaro/" local="131357628817600715" remote="131357628810000000" Dst="0" />
<file name="featherlight.min.css" server="C:/xampp/htdocs/busKaro/" local="131357628817610694" remote="131357628810000000" Dst="0" />
<file name="featherlight.min.js.download" server="C:/xampp/htdocs/busKaro/" local="131357628817630890" remote="131357628810000000" Dst="0" />
<file name="font-awesome.min.css" server="C:/xampp/htdocs/busKaro/" local="131357628817690745" remote="131357628810000000" Dst="0" />
<file name="g" server="C:/xampp/htdocs/busKaro/" local="131357628817700786" remote="131357628810000000" Dst="0" />
<file name="googlelogo_dark_color_84x28dp.png" server="C:/xampp/htdocs/busKaro/" local="131357628817730786" remote="131357628810000000" Dst="0" />
<file name="iconx2-000000.png" server="C:/xampp/htdocs/busKaro/" local="131357628817740802" remote="131357628810000000" Dst="0" />
<file name="jquery-migrate.min.js.download" server="C:/xampp/htdocs/busKaro/" local="131357628817991629" remote="131357628810000000" Dst="0" />
<file name="jquery.fancybox-1.3.4.css" server="C:/xampp/htdocs/busKaro/" local="131357628818011498" remote="131357628810000000" Dst="0" />
<file name="jquery.fancybox-1.3.4.pack.js.download" server="C:/xampp/htdocs/busKaro/" local="131357628818201673" remote="131357628810000000" Dst="0" />
<file name="jquery.js.download" server="C:/xampp/htdocs/busKaro/" local="131357628818792234" remote="131357628810000000" Dst="0" />
<file name="jquery.main.js.download" server="C:/xampp/htdocs/busKaro/" local="131357628819493016" remote="131357628810000000" Dst="0" />
<file name="l" server="C:/xampp/htdocs/busKaro/" local="131357628819502996" remote="131357628810000000" Dst="0" />
<file name="l(1)" server="C:/xampp/htdocs/busKaro/" local="131357628819502996" remote="131357628810000000" Dst="0" />
<file name="l(2)" server="C:/xampp/htdocs/busKaro/" local="131357628819513000" remote="131357628810000000" Dst="0" />
<file name="launch.min.js.download" server="C:/xampp/htdocs/busKaro/" local="131357628819523191" remote="131357628810000000" Dst="0" />
<file name="like.html" server="C:/xampp/htdocs/busKaro/" local="131357628820864385" remote="131357628820000000" Dst="0" />
<file name="logo.png" server="C:/xampp/htdocs/busKaro/" local="131357628820894271" remote="131357628820000000" Dst="0" />
<file name="MPPGGBI545GIDI5D3XSM65" server="C:/xampp/htdocs/busKaro/" local="131357628800976399" remote="131357628800000000" Dst="0" />
<file name="m_js_controller.js.download" server="C:/xampp/htdocs/busKaro/" local="131357628821246853" remote="131357628820000000" Dst="0" />
<file name="no-right-click-images.js.download" server="C:/xampp/htdocs/busKaro/" local="131357628821426975" remote="131357628820000000" Dst="0" />
<file name="osd.js.download" server="C:/xampp/htdocs/busKaro/" local="131357628821927331" remote="131357628820000000" Dst="0" />
<file name="osd_listener.js.download" server="C:/xampp/htdocs/busKaro/" local="131357628822237959" remote="131357628820000000" Dst="0" />
<file name="owl.carousel.css" server="C:/xampp/htdocs/busKaro/" local="131357628822287985" remote="131357628820000000" Dst="0" />
<file name="owl.carousel.min.js.download" server="C:/xampp/htdocs/busKaro/" local="131357628822678266" remote="131357628820000000" Dst="0" />
<file name="pagenavi-css.css" server="C:/xampp/htdocs/busKaro/" local="131357628822688101" remote="131357628820000000" Dst="0" />
<file name="pixel.gif" server="C:/xampp/htdocs/busKaro/" local="131357628822708139" remote="131357628820000000" Dst="0" />
<file name="PNGPIX-COM-Boat-PNG-Transparent-Image-250x94.png" server="C:/xampp/htdocs/busKaro/" local="131357628800993014" remote="131357628800000000" Dst="0" />
<file name="PNGPIX-COM-Bus-PNG-Transparent-Image-1-500x284.png" server="C:/xampp/htdocs/busKaro/" local="131357628801018027" remote="131357628800000000" Dst="0" />
<file name="PNGPIX-COM-Fishing-Boat-PNG-Transparent-Image-2-250x155.png" server="C:/xampp/htdocs/busKaro/" local="131357628801038047" remote="131357628800000000" Dst="0" />
<file name="PNGPIX-COM-Fishing-Boat-PNG-Transparent-Image-250x166.png" server="C:/xampp/htdocs/busKaro/" local="131357628801067897" remote="131357628800000000" Dst="0" />
<file name="PNGPIX-COM-Helicopter-PNG-Image-250x121.png" server="C:/xampp/htdocs/busKaro/" local="131357628801087959" remote="131357628800000000" Dst="0" />
<file name="PNGPIX-COM-Helicopter-PNG-Transparent-Image-250x83.png" server="C:/xampp/htdocs/busKaro/" local="131357628801108142" remote="131357628800000000" Dst="0" />
<file name="PNGPIX-COM-Military-Helicopter-PNG-Transparent-Image-250x111.png" server="C:/xampp/htdocs/busKaro/" local="131357628801128151" remote="131357628800000000" Dst="0" />
<file name="PNGPIX-COM-Taxi-Cab-PNG-Transparent-Image-2-250x101.png" server="C:/xampp/htdocs/busKaro/" local="131357628801138016" remote="131357628800000000" Dst="0" />
<file name="PNGPIX-COM-Taxi-Cab-PNG-Transparent-Image-250x139.png" server="C:/xampp/htdocs/busKaro/" local="131357628801158175" remote="131357628800000000" Dst="0" />
<file name="PNGPIX-COM-Truck-PNG-Transparent-Image-250x300.png" server="C:/xampp/htdocs/busKaro/" local="131357628801178020" remote="131357628800000000" Dst="0" />
<file name="PNGPIX-COM-Vintage-Car-PNG-Transparent-Image-250x180.png" server="C:/xampp/htdocs/busKaro/" local="131357628801198028" remote="131357628800000000" Dst="0" />
<file name="push(1).html" server="C:/xampp/htdocs/busKaro/" local="131357628822728166" remote="131357628820000000" Dst="0" />
<file name="push(2).html" server="C:/xampp/htdocs/busKaro/" local="131357628822738321" remote="131357628820000000" Dst="0" />
<file name="push.html" server="C:/xampp/htdocs/busKaro/" local="131357628822748168" remote="131357628820000000" Dst="0" />
<file name="responsive.css" server="C:/xampp/htdocs/busKaro/" local="131357628822808355" remote="131357628820000000" Dst="0" />
<file name="rolling.js.download" server="C:/xampp/htdocs/busKaro/" local="131357628823178525" remote="131357628820000000" Dst="0" />
<file name="saved_resource(1).html" server="C:/xampp/htdocs/busKaro/" local="131357628823188547" remote="131357628820000000" Dst="0" />
<file name="saved_resource(2).html" server="C:/xampp/htdocs/busKaro/" local="131357628823201594" remote="131357628820000000" Dst="0" />
<file name="saved_resource(3).html" server="C:/xampp/htdocs/busKaro/" local="131357628823221783" remote="131357628820000000" Dst="0" />
<file name="saved_resource(4).html" server="C:/xampp/htdocs/busKaro/" local="131357628823236599" remote="131357628820000000" Dst="0" />
<file name="saved_resource(5).html" server="C:/xampp/htdocs/busKaro/" local="131357628823256819" remote="131357628820000000" Dst="0" />
<file name="saved_resource.html" server="C:/xampp/htdocs/busKaro/" local="131357628823264583" remote="131357628820000000" Dst="0" />
<file name="show_ads_impl.js.download" server="C:/xampp/htdocs/busKaro/" local="131357628823915260" remote="131357628820000000" Dst="0" />
<file name="style.css" server="C:/xampp/htdocs/busKaro/" local="131357628823986586" remote="131357628820000000" Dst="0" />
<file name="thcIpgkJBrG.png" server="C:/xampp/htdocs/busKaro/" local="131357628824001131" remote="131357628820000000" Dst="0" />
<file name="wp-embed.min.js.download" server="C:/xampp/htdocs/busKaro/" local="131357628824016158" remote="131357628820000000" Dst="0" />
<file name="wp-emoji-release.min.js.download" server="C:/xampp/htdocs/busKaro/" local="131357628824171273" remote="131357628820000000" Dst="0" />
<file name="wpmu-ui.3.min.css" server="C:/xampp/htdocs/busKaro/" local="131357628824240269" remote="131357628820000000" Dst="0" />
<file name="wpmu-ui.3.min.js.download" server="C:/xampp/htdocs/busKaro/" local="131357628824530333" remote="131357628820000000" Dst="0" />
<file name="zrt_lookup.html" server="C:/xampp/htdocs/busKaro/" local="131357628825711517" remote="131357628820000000" Dst="0" />
</dwsync>