<?xml version="1.0" encoding="utf-8" ?>
<dwsync>
<file name="font-awesome.css" server="C:/xampp/htdocs/busKaro/" local="131362889507669130" remote="131362889500000000" Dst="0" />
<file name="font-awesome.scss" server="C:/xampp/htdocs/busKaro/" local="131357628798207100" remote="131357628790000000" Dst="0" />
<file name="_bordered-pulled.scss" server="C:/xampp/htdocs/busKaro/" local="131357628797935034" remote="131357628790000000" Dst="0" />
<file name="_core.scss" server="C:/xampp/htdocs/busKaro/" local="131357628797945044" remote="131357628790000000" Dst="0" />
<file name="_fixed-width.scss" server="C:/xampp/htdocs/busKaro/" local="131357628797960053" remote="131357628790000000" Dst="0" />
<file name="_icons.scss" server="C:/xampp/htdocs/busKaro/" local="131357628798022076" remote="131357628790000000" Dst="0" />
<file name="_larger.scss" server="C:/xampp/htdocs/busKaro/" local="131357628798036940" remote="131357628790000000" Dst="0" />
<file name="_list.scss" server="C:/xampp/htdocs/busKaro/" local="131357628798051937" remote="131357628790000000" Dst="0" />
<file name="_mixins.scss" server="C:/xampp/htdocs/busKaro/" local="131357628798066934" remote="131357628790000000" Dst="0" />
<file name="_path.scss" server="C:/xampp/htdocs/busKaro/" local="131357628798076993" remote="131357628790000000" Dst="0" />
<file name="_rotated-flipped.scss" server="C:/xampp/htdocs/busKaro/" local="131357628798086991" remote="131357628790000000" Dst="0" />
<file name="_spinning.scss" server="C:/xampp/htdocs/busKaro/" local="131357628798097001" remote="131357628790000000" Dst="0" />
<file name="_stacked.scss" server="C:/xampp/htdocs/busKaro/" local="131357628798117184" remote="131357628790000000" Dst="0" />
<file name="_variables.scss" server="C:/xampp/htdocs/busKaro/" local="131357628798197241" remote="131357628790000000" Dst="0" />
</dwsync>