<?xml version="1.0" encoding="utf-8" ?>
<dwsync>
<file name="1.png" server="C:/xampp/htdocs/busKaro/" local="131358366827517365" remote="131358366820000000" Dst="0" />
<file name="11.png" server="C:/xampp/htdocs/busKaro/" local="131358366827697480" remote="131358366820000000" Dst="0" />
<file name="a.png" server="C:/xampp/htdocs/busKaro/" local="131361110124472283" remote="131361110120000000" Dst="0" />
<file name="akash.jpg" server="C:/xampp/htdocs/busKaro/" local="131357628798307177" remote="131357628790000000" Dst="0" />
<file name="ashutosh.jpg" server="C:/xampp/htdocs/busKaro/" local="131357628798367365" remote="131357628790000000" Dst="0" />
<file name="asish.jpg" server="C:/xampp/htdocs/busKaro/" local="131357628798447422" remote="131357628790000000" Dst="0" />
<file name="b1.png" server="C:/xampp/htdocs/busKaro/" local="131357628798477289" remote="131357628790000000" Dst="0" />
<file name="b11.png" server="C:/xampp/htdocs/busKaro/" local="131357628798507314" remote="131357628790000000" Dst="0" />
<file name="b12.png" server="C:/xampp/htdocs/busKaro/" local="131357628798547330" remote="131357628790000000" Dst="0" />
<file name="b13.png" server="C:/xampp/htdocs/busKaro/" local="131357628800816206" remote="131357628800000000" Dst="0" />
<file name="banner.jpg" server="C:/xampp/htdocs/busKaro/" local="131357628825791561" remote="131357628820000000" Dst="0" />
<file name="bg-image-2.jpg" server="C:/xampp/htdocs/busKaro/" local="131357628825901661" remote="131357628820000000" Dst="0" />
<file name="bus1.jpg" server="C:/xampp/htdocs/busKaro/" local="131357628825981754" remote="131357628820000000" Dst="0" />
<file name="client-1.png" server="C:/xampp/htdocs/busKaro/" local="131357628825996763" remote="131357628820000000" Dst="0" />
<file name="client-2.png" server="C:/xampp/htdocs/busKaro/" local="131357628826014900" remote="131357628820000000" Dst="0" />
<file name="client-3.png" server="C:/xampp/htdocs/busKaro/" local="131357628826025121" remote="131357628820000000" Dst="0" />
<file name="client-4.png" server="C:/xampp/htdocs/busKaro/" local="131357628826039955" remote="131357628820000000" Dst="0" />
<file name="client-5.png" server="C:/xampp/htdocs/busKaro/" local="131357628826055007" remote="131357628820000000" Dst="0" />
<file name="client-6.png" server="C:/xampp/htdocs/busKaro/" local="131357628826070167" remote="131357628820000000" Dst="0" />
<file name="e.png" server="C:/xampp/htdocs/busKaro/" local="131357628832556683" remote="131357628830000000" Dst="0" />
<file name="e1.png.png" server="C:/xampp/htdocs/busKaro/" local="131357628832573226" remote="131357628830000000" Dst="0" />
<file name="f.png" server="C:/xampp/htdocs/busKaro/" local="131361110124512311" remote="131361110120000000" Dst="0" />
<file name="favicon.ico" server="C:/xampp/htdocs/busKaro/" local="131357628826080153" remote="131357628820000000" Dst="0" />
<file name="h.png" server="C:/xampp/htdocs/busKaro/" local="131357628832593608" remote="131357628830000000" Dst="0" />
<file name="logo.png" server="C:/xampp/htdocs/busKaro/" local="131357628826100185" remote="131357628820000000" Dst="0" />
<file name="pic1.png" server="C:/xampp/htdocs/busKaro/" local="131358366827737520" remote="131358366820000000" Dst="0" />
<file name="pic2.png" server="C:/xampp/htdocs/busKaro/" local="131358366827797556" remote="131358366820000000" Dst="0" />
<file name="pic3.png" server="C:/xampp/htdocs/busKaro/" local="131358366827897651" remote="131358366820000000" Dst="0" />
<file name="pic4.png" server="C:/xampp/htdocs/busKaro/" local="131358366827997691" remote="131358366820000000" Dst="0" />
<file name="priyabrat.jpg" server="C:/xampp/htdocs/busKaro/" local="131357628826150242" remote="131357628820000000" Dst="0" />
<file name="s1.png" server="C:/xampp/htdocs/busKaro/" local="131357628832603443" remote="131357628830000000" Dst="0" />
<file name="sanghamitra.jpg" server="C:/xampp/htdocs/busKaro/" local="131357628826220295" remote="131357628820000000" Dst="0" />
<file name="section-image-1.jpg" server="C:/xampp/htdocs/busKaro/" local="131357628826320505" remote="131357628820000000" Dst="0" />
<file name="shimona.jpg" server="C:/xampp/htdocs/busKaro/" local="131357628826390412" remote="131357628820000000" Dst="0" />
<file name="sourav.jpg" server="C:/xampp/htdocs/busKaro/" local="131357628826480473" remote="131357628820000000" Dst="0" />
<file name="testimonial-1.png" server="C:/xampp/htdocs/busKaro/" local="131357628826490628" remote="131357628820000000" Dst="0" />
<file name="testimonial-2.png" server="C:/xampp/htdocs/busKaro/" local="131357628826500457" remote="131357628820000000" Dst="0" />
<file name="testimonial-3.png" server="C:/xampp/htdocs/busKaro/" local="131357628826520659" remote="131357628820000000" Dst="0" />
<file name="tick-mark1.png" server="C:/xampp/htdocs/busKaro/" local="131358366828047730" remote="131358366820000000" Dst="0" />
<file name="tulsi.jpg" server="C:/xampp/htdocs/busKaro/" local="131357628826570685" remote="131357628820000000" Dst="0" />
<file name="visa.png" server="C:/xampp/htdocs/busKaro/" local="131358366828087764" remote="131358366820000000" Dst="0" />
</dwsync>